npsn,nama,alamat,kecamatan,kabupaten,provinsi,bentuk_pendidikan,status_sekolah,latitude,longitude
69892988,SD NEGERI LEREEA,LEREEA,Kec. Bahodopi,Kab. Morowali,Prov. Sulawesi Tengah,SD,NEGERI,-3.0187,121.9225
70012835,TK INDONESIA BERSYUKUR,BAHOMAKMUR,Kec. Bahodopi,Kab. Morowali,Prov. Sulawesi Tengah,TK,SWASTA,-2.9039,121.9617
40202771,SD NEGERI LALEMO,Desa Lalemo,Kec. Bungku Selatan,Kab. Morowali,Prov. Sulawesi Tengah,SD,NEGERI,-2.9002,122.0494
40204895,SMP NEGERI 3 BUNGKU SELATAN SATU ATAP,Kab. Morowali,Kec. Bungku Selatan,Kab. Morowali,Prov. Sulawesi Tengah,SMP,NEGERI,-2.9002,122.092
60728777,MTS AL-JARIYAH LABOTA,DESA LABOTA,Kec. Bahodopi,Kab. Morowali,Prov. Sulawesi Tengah,MTs,SWASTA,-2.889226,121.921839
40210204,MTSS AL-KHARAAT MAKARTI JAYA,DESA MAKARTI JAYA,Kec. Bahodopi,Kab. Morowali,Prov. Sulawesi Tengah,MTs,SWASTA,-2.89456,122.00481
40202693,SD NEGERI PANIMBAWANG,Desa Panimbawang,Kec. Bungku Selatan,Kab. Morowali,Prov. Sulawesi Tengah,SD,NEGERI,-2.8778,122.025
40202662,SD NEGERI SAINOA,Desa Sainoa,Kec. Bungku Selatan,Kab. Morowali,Prov. Sulawesi Tengah,SD,NEGERI,-2.8636,122.1062
40202815,SD NEGERI BUNGINGKELA,Desa Bungingkela,Kec. Bungku Selatan,Kab. Morowali,Prov. Sulawesi Tengah,SD,NEGERI,-2.8494,122.0961
60723449,MIS AL-KHAERAAT MARSAOLEH,JL. TRANS SULAWESI,Kec. Bungku Tengah,Kab. Morowali,Prov. Sulawesi Tengah,MI,SWASTA,-2.8303,121.8278
69990222,TK NEGERI 2 BAHODOPI,Bahodopi,Kec. Bahodopi,Kab. Morowali,Prov. Sulawesi Tengah,TK,NEGERI,-2.8168,121.9565
P9959843,PKBM AR-RAHMAN,Bahodopi,Kec. Bahodopi,Kab. Morowali,Prov. Sulawesi Tengah,PKBM,SWASTA,-2.8341605,122.0817231
40202653,SD NEGERI BUNGINTENDE,Sainoa,Kec. Bungku Selatan,Kab. Morowali,Prov. Sulawesi Tengah,SD,NEGERI,-2.821,122.0737
60723447,MIS AL-IKHLAS ONEETE,DESA ONEETE,Kec. Bungku Pesisir,Kab. Morowali,Prov. Sulawesi Tengah,MI,SWASTA,-2.780296,121.867275
40202770,SD NEGERI LALAMPU,Jalan Trans Sulawesi Desa Lalampu Kecamatan Bahodopi Kabupaten Morowali,Kec. Bahodopi,Kab. Morowali,Prov. Sulawesi Tengah,SD,NEGERI,-2.7933,122.0925
69970578,TK HARAPAN,LALAMPU,Kec. Bahodopi,Kab. Morowali,Prov. Sulawesi Tengah,TK,SWASTA,-2.7865,122.0826
70041063,SD NEGERI 3 BAHODOPI,DESA BAHODOPI ,Kec. Bahodopi,Kab. Morowali,Prov. Sulawesi Tengah,SD,NEGERI,-2.805,122.1148
69995891,SD NEGERI 2 BAHODOPI,JLN.PENDIDIKAN,Kec. Bahodopi,Kab. Morowali,Prov. Sulawesi Tengah,SD,NEGERI,-2.798,122.1133
70014844,TK KRISTEN GETSEMANI BAHODOPI,DESA BAHODOPI KECAMATAN BAHODOPI,Kec. Bahodopi,Kab. Morowali,Prov. Sulawesi Tengah,TK,SWASTA,-2.7979,122.1163
70042598,TK EKKLESIA BAHODOPI,BAHOMAKMUR,Kec. Bahodopi,Kab. Morowali,Prov. Sulawesi Tengah,TK,SWASTA,-2.8158,122.1235
69993053,SD NEGERI 2 BAHOMOTEFE,DESA BAHOMOTEFE,Kec. Bungku Timur,Kab. Morowali,Prov. Sulawesi Tengah,SD,NEGERI,-2.755173,121.7993848
40204525,SMP NEGERI 2 BAHODOPI,Jl. Trans Sulawesi,Kec. Bahodopi,Kab. Morowali,Prov. Sulawesi Tengah,SMP,NEGERI,-2.7628,122.038
40202809,SD NEGERI DAMPALA,Desa Dampala,Kec. Bahodopi,Kab. Morowali,Prov. Sulawesi Tengah,SD,NEGERI,-2.756,122.0331
40205060,TK BUKIT LOGAM,LE-LE,Kec. Bahodopi,Kab. Morowali,Prov. Sulawesi Tengah,TK,SWASTA,-2.7545,122.0305
40202495,SD NEGERI SIUMBATU,Siumbatu,Kec. Bahodopi,Kab. Morowali,Prov. Sulawesi Tengah,SD,NEGERI,-2.763,122.0496
69880825,TK NEGERI 1 BAHODOPI,DESA BAHODOPI,Kec. Bahodopi,Kab. Morowali,Prov. Sulawesi Tengah,TK,NEGERI,-2.7899,122.125
69920612,TK. ALKHAIRAAT KOLONO,DESA KOLONO,Kec. Bungku Timur,Kab. Morowali,Prov. Sulawesi Tengah,TK,SWASTA,-2.7200546,121.9800263
40202691,SD NEGERI 2 ONEPUTE JAYA,Desa Onepute Jaya,Kec. Bungku Timur,Kab. Morowali,Prov. Sulawesi Tengah,SD,NEGERI,-2.7304,121.9991
69920265,TK. ALKHAIRAAT BUMI NIKEL,DESA ONE PUTE JAYA,Kec. Bungku Timur,Kab. Morowali,Prov. Sulawesi Tengah,TK,SWASTA,-2.7345,122.0127
40202671,SD NEGERI 1 ONE PUTE JAYA,One Pute Jaya,Kec. Bungku Timur,Kab. Morowali,Prov. Sulawesi Tengah,SD,NEGERI,-2.7339,122.0162
40204542,SMP NEGERI 3 BUNGKU TIMUR,"JLN TRANSULAWESI BAHOMOTEFE, KEC. BUNGKU TIMUR",Kec. Bungku Timur,Kab. Morowali,Prov. Sulawesi Tengah,SMP,NEGERI,-2.7249,122.0192
P9926415,PKBM BUMI NIKEL,JL. TRANS SULAWESI RT 4,Kec. Bungku Timur,Kab. Morowali,Prov. Sulawesi Tengah,PKBM,SWASTA,-2.6960977,121.8564355
40202674,SD NEGERI 02 BUNGKU,Marsaoleh,Kec. Bungku Tengah,Kab. Morowali,Prov. Sulawesi Tengah,SD,NEGERI,-2.701,121.908
40202787,SD NEGERI BAHOMOAHI,"Jl.Trans Sulawesi, Desa Bahomoahi Kec. Bungku Timur",Kec. Bungku Timur,Kab. Morowali,Prov. Sulawesi Tengah,SD,NEGERI,-2.7024,121.9947
40202778,SD NEGERI 1 BAHOMOTEFE,Bahomotefe,Kec. Bungku Timur,Kab. Morowali,Prov. Sulawesi Tengah,SD,NEGERI,-2.7113,122.0056
69775315,SMKN 1 BUNGKU TIMUR,KOLONO,Kec. Bungku Timur,Kab. Morowali,Prov. Sulawesi Tengah,SMK,NEGERI,-2.6861,121.9893
40202621,SD NEGERI ULULERE,Ululere,Kec. Bungku Timur,Kab. Morowali,Prov. Sulawesi Tengah,SD,NEGERI,-2.6823,121.9672
69920274,TK. ALKHAIRAAT ULULERE,DESA ULULERE,Kec. Bungku Timur,Kab. Morowali,Prov. Sulawesi Tengah,TK,SWASTA,-2.6825,121.9685
70027905,MI ALKHAIRAAT KOLONO,JL. TRANS SULAWESI,Kec. Bungku Timur,Kab. Morowali,Prov. Sulawesi Tengah,MI,SWASTA,-2.6824,121.982
40202605,SMP NEGERI 1 BUNGKU TIMUR,"KOLONO, KEC. BUNGKU TIMUR",Kec. Bungku Timur,Kab. Morowali,Prov. Sulawesi Tengah,SMP,NEGERI,-2.6789,122.003
40202738,SD NEGERI KOLONO,Kolono,Kec. Bungku Timur,Kab. Morowali,Prov. Sulawesi Tengah,SD,NEGERI,-2.6776,122.0059
40202646,SMAS AL-KHAIRAAT KOLONO,JL. LAGATA NO.5 DESA KOLONO KEC.BUNGKU TIMUR,Kec. Bungku Timur,Kab. Morowali,Prov. Sulawesi Tengah,SMA,SWASTA,-2.6764,122.0077
40202805,SD NEGERI GERESA,Jln. Trans Sulawesi Geresa Kec. Bungku Timur,Kec. Bungku Timur,Kab. Morowali,Prov. Sulawesi Tengah,SD,NEGERI,-2.6728,122.0112
69920368,TK. ALKHAIRAAT GERESA,DESA GERESA,Kec. Bungku Timur,Kab. Morowali,Prov. Sulawesi Tengah,TK,SWASTA,-2.671362,122.014678
69888389,SD NEGERI 15 BUNGKU,Lanona,Kec. Bungku Tengah,Kab. Morowali,Prov. Sulawesi Tengah,SD,NEGERI,-2.633611,121.842706
40202782,SD NEGERI BAKALA,Bakala,Kec. Bungku Selatan,Kab. Morowali,Prov. Sulawesi Tengah,SD,NEGERI,-2.6531,122.0189
40202758,SD NEGERI LAROUE,JLN. TRANS SULAWESI KEC.BUNGKU TIMUR,Kec. Bungku Timur,Kab. Morowali,Prov. Sulawesi Tengah,SD,NEGERI,-2.654,122.0196
40204893,SMP NEGERI 4 BUNGKU TIMUR SATU ATAP,Kab. Morowali,Kec. Bungku Timur,Kab. Morowali,Prov. Sulawesi Tengah,SMP,NEGERI,-2.6528,122.019
40202562,SD NEGERI NAMBO,Jalan Trans Sulawesi Desa Nambo Kecamatan Bungku Timur,Kec. Bungku Timur,Kab. Morowali,Prov. Sulawesi Tengah,SD,NEGERI,-2.6436,122.0129
70038339,KB BINTANG PUTRI MOROWALI,Bahodopi,Kec. Bahodopi,Kab. Morowali,Prov. Sulawesi Tengah,KB,SWASTA,-2.6065,120.9822
40202780,SD NEGERI 12 BUNGKU,Bahontobungku,Kec. Bungku Tengah,Kab. Morowali,Prov. Sulawesi Tengah,SD,NEGERI,-2.5989,121.8601
40202594,SMP NEGERI 2 BUNGKU TIMUR,Lahuafu,Kec. Bungku Timur,Kab. Morowali,Prov. Sulawesi Tengah,SMP,NEGERI,-2.6139,121.9931
40202620,SD NEGERI UNSONGI,"Jln.Trans Sulawesi,Unsongi,Kec.Bungku Timur",Kec. Bungku Timur,Kab. Morowali,Prov. Sulawesi Tengah,SD,NEGERI,-2.6256,121.9997
40202768,SD NEGERI LAHUAFU,Jalan Pendidikan No.71 Lahuafu Kecamatan Bungku Timur,Kec. Bungku Timur,Kab. Morowali,Prov. Sulawesi Tengah,SD,NEGERI,-2.6139,121.9933
40202507,SD NEGERI 05 BUNGKU,Jl. Trans Sulawesi,Kec. Bungku Tengah,Kab. Morowali,Prov. Sulawesi Tengah,SD,NEGERI,-2.5991,121.9883
69990061,SD NEGERI 17 BUNGKU,TUDUA,Kec. Bungku Tengah,Kab. Morowali,Prov. Sulawesi Tengah,SD,NEGERI,-2.5883,121.9841
69758464,SD NEGERI 16 BUNGKU,Jl. PRODUKSI KOMPLEKS PERUMAHAN GRIYA BUKIT IPI PERMAI,Kec. Bungku Tengah,Kab. Morowali,Prov. Sulawesi Tengah,SD,NEGERI,-2.5457,121.8601
69923106,TK. ALKHAIRAAT PUUNGKILU,DESA PUUNGKOILU,Kec. Bungku Tengah,Kab. Morowali,Prov. Sulawesi Tengah,TK,SWASTA,-2.5466717,121.9408055
40202497,SD NEGERI 07 BUNGKU,Sakita,Kec. Bungku Tengah,Kab. Morowali,Prov. Sulawesi Tengah,SD,NEGERI,-2.5602,121.9621
60723448,MIS AL KHAIRAAT SAKITA,JL. FAFONTORIKA,Kec. Bungku Tengah,Kab. Morowali,Prov. Sulawesi Tengah,MI,SWASTA,-2.5594,121.9622
40204663,SMKN 1 BUNGKU TENGAH,PENDIDIKAN,Kec. Bungku Tengah,Kab. Morowali,Prov. Sulawesi Tengah,SMK,NEGERI,-2.5627,121.9746
40202664,SD NEGERI 01 BUNGKU,"Kel. Mendui, Kec. Bungku Tengah",Kec. Bungku Tengah,Kab. Morowali,Prov. Sulawesi Tengah,SD,NEGERI,-2.5507,121.9691
40202642,SMAN 1 BUNGKU,JL. GARUDA,Kec. Bungku Tengah,Kab. Morowali,Prov. Sulawesi Tengah,SMA,NEGERI,-2.5521,121.9732
40202682,SD NEGERI 03 BUNGKU,Jl. Teratai No. 7,Kec. Bungku Tengah,Kab. Morowali,Prov. Sulawesi Tengah,SD,NEGERI,-2.5508,121.9745
40202575,SMP NEGERI 1 BUNGKU,Jalan Wirabuana,Kec. Bungku Tengah,Kab. Morowali,Prov. Sulawesi Tengah,SMP,NEGERI,-2.5456,121.9711
69971209,Tahfidzul Qur`an Masjid Tua Bungku,Jl. Abd. Rabbie ,Kec. Bungku Tengah,Kab. Morowali,Prov. Sulawesi Tengah,Pondok Pesantren,SWASTA,-2.5439,121.9716
40210208,MTSN MOROWALI,JL. TUNA NO.10 KELURAHAN MATANO,Kec. Bungku Tengah,Kab. Morowali,Prov. Sulawesi Tengah,MTs,NEGERI,-2.5428,121.9681
69988876,SD NEGERI 18 BUNGKU,KELUARAHAN BUNGI,Kec. Bungku Tengah,Kab. Morowali,Prov. Sulawesi Tengah,SD,NEGERI,-2.5379,121.9633
213729  ,Sekolah Tinggi Agama Islam Morowali,,,Kab. Morowali Utara,Prov. Sulawesi Tengah,Sekolah Tinggi,Aktif,-2.5371142,121.9638956
60728858,MIS DDI BUNGKU,Lorong TPI Bungku,Kec. Bungku Tengah,Kab. Morowali,Prov. Sulawesi Tengah,MI,SWASTA,-2.5357,121.9641
40206540,SD NEGERI 14 BUNGKU,Kab. Morowali,Kec. Bungku Tengah,Kab. Morowali,Prov. Sulawesi Tengah,SD,NEGERI,-2.5138,121.8575
69937968,SLB NEGERI KTM MOROWALI,KTM MOROWALI DESA BAHOMOHONI,Kec. Bungku Tengah,Kab. Morowali,Prov. Sulawesi Tengah,SLB,NEGERI,-2.5232617,121.8828115
40202539,SD NEGERI 10 BUNGKU,Jln. Trans Sulawesi,Kec. Bungku Tengah,Kab. Morowali,Prov. Sulawesi Tengah,SD,NEGERI,-2.5297,121.9597
40202781,SD NEGERI 06 BUNGKU,Bahoruru,Kec. Bungku Tengah,Kab. Morowali,Prov. Sulawesi Tengah,SD,NEGERI,-2.5122,121.9516
60728242,MAS ISTIMBATUL HIKMAH,DESA EMEA,Kec. Witaponda,Kab. Morowali,Prov. Sulawesi Tengah,MA,SWASTA,-2.486294,121.685293
60724740,SMP NEGERI 4 BUNGKU,Jln. Beringin No.1 ,Kec. Bungku Tengah,Kab. Morowali,Prov. Sulawesi Tengah,SMP,NEGERI,-2.4978,121.8415
P9962956,SANGGAR KEGIATAN BELAJAR MOROWALI,Kompleks Perkantoran Bumi Fonuasingko Bungku,Kec. Bungku Tengah,Kab. Morowali,Prov. Sulawesi Tengah,SKB,NEGERI,-2.4986,121.8899
40204519,SMP NEGERI 3 BUNGKU,Desa IPI,Kec. Bungku Tengah,Kab. Morowali,Prov. Sulawesi Tengah,SMP,NEGERI,-2.5055,121.9456
40209861,MAN MOROWALI,JLN.TRANS SULAWESI DESA IPI,Kec. Bungku Tengah,Kab. Morowali,Prov. Sulawesi Tengah,MA,NEGERI,-2.5053,121.9467
70011651,SD NEGERI 19 BUNGKU,JLN TANI DESA BENTE,Kec. Bungku Tengah,Kab. Morowali,Prov. Sulawesi Tengah,SD,NEGERI,-2.4954,121.9401
40202783,SD NEGERI 08 BUNGKU,Jln. Trans Sulawesi,Kec. Bungku Tengah,Kab. Morowali,Prov. Sulawesi Tengah,SD,NEGERI,-2.4943,121.9408
69775312,SMAN 2 BUNGKU,BENTE,Kec. Bungku Tengah,Kab. Morowali,Prov. Sulawesi Tengah,SMA,NEGERI,-2.4844,121.929
69988766,SMKN Pertambangan Bungku,KTM Fonuasingko,Kec. Bungku Tengah,Kab. Morowali,Prov. Sulawesi Tengah,SMK,NEGERI,-2.4806,121.9259
60728241,MAS DARUN NAJAH,JL. PAHLAWAN,Kec. Witaponda,Kab. Morowali,Prov. Sulawesi Tengah,MA,SWASTA,-2.45148,121.647578
40204581,SD NEGERI 13 BUNGKU,Desa Bahomoleo,Kec. Bungku Tengah,Kab. Morowali,Prov. Sulawesi Tengah,SD,NEGERI,-2.453,121.886
60723450,MIS AL-IKHLAS BAHOMOHONI,Jln Trans Sulawesi Bahomohoni,Kec. Bungku Tengah,Kab. Morowali,Prov. Sulawesi Tengah,MI,SWASTA,-2.4648,121.9255
40202601,SMP NEGERI 2 BUNGKU,Jln. Trans Sulawesi No. 080 ,Kec. Bungku Tengah,Kab. Morowali,Prov. Sulawesi Tengah,SMP,NEGERI,-2.4656,121.9266
40202786,SD NEGERI 04 BUNGKU,Bahomoleo,Kec. Bungku Tengah,Kab. Morowali,Prov. Sulawesi Tengah,SD,NEGERI,-2.4565,121.9157
60729539,MIS NURUL UMMAH FOLILI,DESA TOPOGARO,Kec. Bungku Barat,Kab. Morowali,Prov. Sulawesi Tengah,MI,SWASTA,-2.4388,121.7521
40202582,SMP NEGERI 1 BAHODOPI,Jln. Pendidikan No.01,Kec. Bahodopi,Kab. Morowali,Prov. Sulawesi Tengah,SMP,NEGERI,-2.4382,121.8279
69984177,TK TUNAS ILMU,UPT TRANS KABERA ,Kec. Bungku Barat,Kab. Morowali,Prov. Sulawesi Tengah,TK,SWASTA,-2.4253,121.8226
69751185,RA/BA/TA NURUL HIDAYAH,DESA BAHOMANTE,Kec. Bungku Tengah,Kab. Morowali,Prov. Sulawesi Tengah,RA,SWASTA,-2.439874,121.9
40202796,SD NEGERI 09 BUNGKU,"Jln.Trans Sulawesi,Desa Bahomante,Kecamatan Bungku Tengah,Kabupaten Morowali",Kec. Bungku Tengah,Kab. Morowali,Prov. Sulawesi Tengah,SD,NEGERI,-2.4383,121.9025
40202772,SD NEGERI 11 BUNGKU,Lanona Jln. Trans Sulawesi No.,Kec. Bungku Tengah,Kab. Morowali,Prov. Sulawesi Tengah,SD,NEGERI,-2.423,121.8928
60727748,MTSS AL AMIN NW,Jl. Jenderal Sudirman No. 17 Solonsa,Kec. Witaponda,Kab. Morowali,Prov. Sulawesi Tengah,MTs,SWASTA,-2.404337,121.506147
69950415,SMP Negeri 4 Wita Ponda,Puntari Makmur,Kec. Witaponda,Kab. Morowali,Prov. Sulawesi Tengah,SMP,NEGERI,-2.3965121,121.5416493
60729184,MIS AL-HUFFADH AMBUNU,DESA AMBUNU,Kec. Bungku Barat,Kab. Morowali,Prov. Sulawesi Tengah,MI,SWASTA,-2.398792,121.801663
69985135,SD NEGERI 3 BAHOEA REKO-REKO,TRANS KABERA DESA BAHOEA REKO-REKO,Kec. Bungku Barat,Kab. Morowali,Prov. Sulawesi Tengah,SD,NEGERI,-2.4155,121.8215
69786465,SMPS BP DDI KABERA,"Ds. KABERA, BAHOEA REKO-REKO",Kec. Bungku Barat,Kab. Morowali,Prov. Sulawesi Tengah,SMP,SWASTA,-2.4145,121.8289
40202795,SD NEGERI BAHOEA REKO REKO,Jln. Transulawesi Desa Bahoea Reko-reko Kec. Bungku Barat Morowali,Kec. Bungku Barat,Kab. Morowali,Prov. Sulawesi Tengah,SD,NEGERI,-2.4062,121.8727
70008337,KB NGUPOYO ILMU,TRANS BAHOEA REKO-REKO,Kec. Bungku Barat,Kab. Morowali,Prov. Sulawesi Tengah,KB,SWASTA,-2.3908,121.8654
60727750,MTSS ISTIMBATUL HIKMAH,DESA EMEA,Kec. Witaponda,Kab. Morowali,Prov. Sulawesi Tengah,MTs,SWASTA,-2.384754,121.551115
69786233,SDN 2 BAHOEA REKO-REKO,BAHOEA REKO-REKO,Kec. Bungku Barat,Kab. Morowali,Prov. Sulawesi Tengah,SD,NEGERI,-2.3756,121.551
40210207,MTSS ALKHAIRAAT WOSU,JLN. TRANS SULAWESI DESA WOSU KEC. BUNGKU BARAT KAB. MOROWALI,Kec. Bungku Barat,Kab. Morowali,Prov. Sulawesi Tengah,MTs,SWASTA,-2.374879,121.72207
40209860,MAS AL-KHAERAAT WOSU,JL. TRANS SULAWESI,Kec. Bungku Barat,Kab. Morowali,Prov. Sulawesi Tengah,MA,SWASTA,-2.383802,121.788814
P2966444,Pkbm Tunas Ba`a,Sapta Marga No. 232,Kec. Bungku Barat,Kab. Morowali,Prov. Sulawesi Tengah,PKBM,SWASTA,-2.3778773,121.831729
60729538,MIS DDI KABERA,DESA KABERA,Kec. Bungku Barat,Kab. Morowali,Prov. Sulawesi Tengah,MI,SWASTA,-2.37702,121.835571
69920391,TK. ALKHAIRAAT NURUL HASANAH,DESA LAROBENU,Kec. Bungku Barat,Kab. Morowali,Prov. Sulawesi Tengah,TK,SWASTA,-2.361444,121.8196914
69872320,SDN 2 WOSU,SPT WOSU,Kec. Bungku Barat,Kab. Morowali,Prov. Sulawesi Tengah,SD,NEGERI,-2.356,121.8183
40202583,SMKN 1 BUNGKU BARAT,JL. SAPTA MARGA,Kec. Bungku Barat,Kab. Morowali,Prov. Sulawesi Tengah,SMK,NEGERI,-2.3583,121.8495
69923103,KB. ASOKA,DESA WOSU,Kec. Bungku Barat,Kab. Morowali,Prov. Sulawesi Tengah,KB,SWASTA,-2.3577,121.8514
40202573,SMP NEGERI 1 BUNGKU BARAT,Jln. Trans Sulawesi No. 25 KM 88,Kec. Bungku Barat,Kab. Morowali,Prov. Sulawesi Tengah,SMP,NEGERI,-2.3578,121.8533
40202743,SD NEGERI 1 KOROWOU,Desa Korowou,Kec. Lembo,Kab. Morowali Utara,Prov. Sulawesi Tengah,SD,NEGERI,-2.3323,121.2244
P9970443,PKBM ULUMUL QURAN,Jl. Trans Sulawesi Desa Ungkaya,Kec. Witaponda,Kab. Morowali,Prov. Sulawesi Tengah,PKBM,SWASTA,-2.3503,121.5167
60727173,MIS AL-AMIEN NW,DESA SOLONSA,Kec. Witaponda,Kab. Morowali,Prov. Sulawesi Tengah,MI,SWASTA,-2.333258,121.506147
40202554,SD NEGERI PEBATAE,Pebatae,Kec. Bumi Raya,Kab. Morowali,Prov. Sulawesi Tengah,SD,NEGERI,-2.3443,121.7995
60723446,MIS AL-KHAIRAAT WOSU,JL.SAPTA MARGA WOSU,Kec. Bungku Barat,Kab. Morowali,Prov. Sulawesi Tengah,MI,SWASTA,-2.3547,121.8456
40202644,SD NEGERI WOSU,Wosu,Kec. Bungku Barat,Kab. Morowali,Prov. Sulawesi Tengah,SD,NEGERI,-2.3535,121.8456
69899571,SMP Negeri 4 Lembo Raya,Desa Jamor Jaya,Kec. Lembo Raya,Kab. Morowali Utara,Prov. Sulawesi Tengah,SMP,NEGERI,-2.3064247,121.1989703
69775325,SDN FOLILI,FOLILI,Kec. Bungku Barat,Kab. Morowali,Prov. Sulawesi Tengah,SD,NEGERI,-2.3016,121.5254
60728240,MAS AL - AMIEN.NW,JALAN.JENDRAL SUDIRMAN NO.17 SOLONSA,Kec. Witaponda,Kab. Morowali,Prov. Sulawesi Tengah,MA,SWASTA,-2.3055,121.6268
40206561,SMP Berbasis Pesantren Lambelu,Berigin Jaya,Kec. Bumi Raya,Kab. Morowali,Prov. Sulawesi Tengah,SMP,SWASTA,-2.314,121.7909
70011715,SD NEGERI 2 UMPANGA,TRANS UMPANGA,Kec. Bungku Barat,Kab. Morowali,Prov. Sulawesi Tengah,SD,NEGERI,-2.315,121.801
60724752,SMP NEGERI 3 BUMI RAYA SATU ATAP,Jl. Desa Pebotoa,Kec. Bumi Raya,Kab. Morowali,Prov. Sulawesi Tengah,SMP,NEGERI,-2.296,121.7767
40202765,SD NEGERI LAROBENU,Desa Larobenu,Kec. Bungku Barat,Kab. Morowali,Prov. Sulawesi Tengah,SD,NEGERI,-2.3198,121.8301
40205005,TK PONDOK BUDI LEMBOBARU,LEMBOBARU,Kec. Lembo,Kab. Morowali Utara,Prov. Sulawesi Tengah,TK,SWASTA,-2.277,121.1205
40202807,SD NEGERI DOLUPO KARYA,Desa Dolupo Karya,Kec. Lembo Raya,Kab. Morowali Utara,Prov. Sulawesi Tengah,SD,NEGERI,-2.2892,121.2889
40202544,SEKOLAH DASAR NEGERI MANDULA,Mandula,Kec. Lembo Raya,Kab. Morowali Utara,Prov. Sulawesi Tengah,SD,NEGERI,-2.2826,121.2792
40202529,SD NEGERI PETUMBEA,Desa Petumbea,Kec. Lembo Raya,Kab. Morowali Utara,Prov. Sulawesi Tengah,SD,NEGERI,-2.2906,121.3387
60727749,MTSS DARUN NAJAH,JL. PAHLAWAN,Kec. Witaponda,Kab. Morowali,Prov. Sulawesi Tengah,MTs,SWASTA,-2.281038,121.554016
60724709,SMP NEGERI 3 WITA PONDA SATU ATAP,Moahino,Kec. Witaponda,Kab. Morowali,Prov. Sulawesi Tengah,SMP,NEGERI,-2.2832,121.5669
40204520,SMP NEGERI 2 BUMI RAYA,Desa Limbo Makmur,Kec. Bumi Raya,Kab. Morowali,Prov. Sulawesi Tengah,SMP,NEGERI,-2.2708,121.6619
40202545,SD NEGERI MARGA MULYA,Desa Marga Mulya,Kec. Bungku Barat,Kab. Morowali,Prov. Sulawesi Tengah,SD,NEGERI,-2.2682,121.7441
40204570,SMP NEGERI 2 Bungku Barat ,Desa Topogaro,Kec. Bungku Barat,Kab. Morowali,Prov. Sulawesi Tengah,SMP,NEGERI,-2.2765,121.7826
40202616,SD NEGERI UMPANGA,Desa Umpanga,Kec. Bungku Barat,Kab. Morowali,Prov. Sulawesi Tengah,SD,NEGERI,-2.2925,121.8129
40203930,SD NEGERI TOPOGARO,Desa Topogaro,Kec. Bungku Barat,Kab. Morowali,Prov. Sulawesi Tengah,SD,NEGERI,-2.2699,121.7766
40204522,SMP NEGERI 2 LEMBO RAYA,DESA POONA  KEC. LEMBO RAYA,Kec. Lembo Raya,Kab. Morowali Utara,Prov. Sulawesi Tengah,SMP,NEGERI,-2.2625,121.2834
40202503,SD NEGERI POONA,Desa Poona,Kec. Lembo Raya,Kab. Morowali Utara,Prov. Sulawesi Tengah,SD,NEGERI,-2.2484,121.2816
NP691408,SMK NEGERI 1 LEMBO RAYA,Desa Petumbea,Kec. Lembo Raya,Kab. Morowali Utara,Prov. Sulawesi Tengah,SMK,NEGERI,-2.252425,121.3666537
40202690,SD NEGERI 2 LIMBO MAKMUR,Limbo Makmur,Kec. Bumi Raya,Kab. Morowali,Prov. Sulawesi Tengah,SD,NEGERI,-2.2555,121.6833
40204925,TK ALKHAIRAAT MUSLIMAT,LIMBO MAKMUR,Kec. Bumi Raya,Kab. Morowali,Prov. Sulawesi Tengah,TK,SWASTA,-2.254266,121.683187
40202685,SD NEGERI 2 PUNTARI MAKMUR,"Desa Puntari Makmur, Jl. Achmad Yani",Kec. Witaponda,Kab. Morowali,Prov. Sulawesi Tengah,SD,NEGERI,-2.2401,121.6596
40202663,SD NEGERI 1 PUNTARI MAKMUR,Desa Puntari Makmur,Kec. Witaponda,Kab. Morowali,Prov. Sulawesi Tengah,SD,NEGERI,-2.2385,121.658
40202670,SD NEGERI 1 LIMBO MAKMUR,Limbo Makmur,Kec. Bumi Raya,Kab. Morowali,Prov. Sulawesi Tengah,SD,NEGERI,-2.2521,121.6909
60727744,MTSS AL-KHAERAAT PEBATAE,DESA PEBATAE,Kec. Bumi Raya,Kab. Morowali,Prov. Sulawesi Tengah,MTs,SWASTA,-2.250701,121.691011
69922424,TK. ABA LIMBOMAKMUR,Desa Limbo Makmur,Kec. Bumi Raya,Kab. Morowali,Prov. Sulawesi Tengah,TK,SWASTA,-2.253762,121.693926
69786219,SMKS NURUL UMMAH,Jln. Ahmad Yani Blok HH No. 05,Kec. Bumi Raya,Kab. Morowali,Prov. Sulawesi Tengah,SMK,SWASTA,-2.2469,121.6932
40202784,SD NEGERI 1 BERINGIN JAYA,Beringin Jaya,Kec. Bumi Raya,Kab. Morowali,Prov. Sulawesi Tengah,SD,NEGERI,-2.2427,121.7024
60723445,MIS NURUL UMMAH,DESA LAMBELU,Kec. Bumi Raya,Kab. Morowali,Prov. Sulawesi Tengah,MI,SWASTA,-2.2386,121.6876
69962892,KB INDAH JAYA,Beringin Jaya,Kec. Bumi Raya,Kab. Morowali,Prov. Sulawesi Tengah,KB,SWASTA,-2.239464,121.701389
70044388,MAS AL-HIKMAH LAMBELU,Jl. Poros Dusun I Desa Lambelu Kec. Bumi Raya Kab. Morowali,Kec. Bumi Raya,Kab. Morowali,Prov. Sulawesi Tengah,MA,SWASTA,-2.2376,121.6832
40209859,MAS NURUL UMMAH,Jl. Dakwah Blok D No. 19 Desa Lambelu Kec. Bumi Raya Kab. Morowali,Kec. Bumi Raya,Kab. Morowali,Prov. Sulawesi Tengah,MA,SWASTA,-2.2369,121.6868
40210206,MTSS NURUL UMMAH,JL. DAWAH BLOK D NO. 19,Kec. Bumi Raya,Kab. Morowali,Prov. Sulawesi Tengah,MTs,SWASTA,-2.2356,121.6836
40202661,SD NEGERI 2 BERINGIN JAYA,Desa Harapan Jaya,Kec. Bumi Raya,Kab. Morowali,Prov. Sulawesi Tengah,SD,NEGERI,-2.2492,121.7232
40202632,SD NEGERI WATA,Desa Wata,Kec. Bungku Barat,Kab. Morowali,Prov. Sulawesi Tengah,SD,NEGERI,-2.2424,121.7272
40204538,SMKN 2 BUNGKU BARAT,JL. TRANS SULAWESI,Kec. Bungku Barat,Kab. Morowali,Prov. Sulawesi Tengah,SMK,NEGERI,-2.2548,121.7564
40202791,SD NEGERI AMBUNU,Desa Ambunu,Kec. Bungku Barat,Kab. Morowali,Prov. Sulawesi Tengah,SD,NEGERI,-2.2549,121.7566
40210205,MTSS AL-KHAIRAAT AMBUNU,JL. TRANS SULAWESI,Kec. Bungku Barat,Kab. Morowali,Prov. Sulawesi Tengah,MTs,SWASTA,-2.2593,121.7645
40204572,SD NEGERI 2 KOROWOU,Desa Korowou,Kec. Lembo,Kab. Morowali Utara,Prov. Sulawesi Tengah,SD,NEGERI,-2.2247,121.0683
40203929,SD NEGERI KAMUNJANG,Desa Sea,Kec. Mamosalato,Kab. Morowali Utara,Prov. Sulawesi Tengah,SD,NEGERI,-2.2247,121.1154
40202762,SD NEGERI LEMBOBELALA,Desa Lembobelala,Kec. Lembo Raya,Kab. Morowali Utara,Prov. Sulawesi Tengah,SD,NEGERI,-2.2161,121.2332
40204558,SMP NEGERI 3 LEMBO RAYA,Desa Lembobelala,Kec. Lembo Raya,Kab. Morowali Utara,Prov. Sulawesi Tengah,SMP,NEGERI,-2.2163,121.2341
40202733,SD GKST SEA,Desa Sea,Kec. Mamosalato,Kab. Morowali Utara,Prov. Sulawesi Tengah,SD,SWASTA,-2.2099,121.2916
69920275,TK. GRAHA KRIDA,DESA UNGKAYA,Kec. Witaponda,Kab. Morowali,Prov. Sulawesi Tengah,TK,SWASTA,-2.2316,121.5663
40202724,SD GRAHA KRIDA UNGKAYA,Desa Ungkaya,Kec. Witaponda,Kab. Morowali,Prov. Sulawesi Tengah,SD,SWASTA,-2.2315,121.5724
40204934,TK Negeri 1 Wita Ponda,LAANTULA JAYA,Kec. Witaponda,Kab. Morowali,Prov. Sulawesi Tengah,TK,NEGERI,-2.208703,121.5325833
40204521,SMP NEGERI 2 WITA PONDA,Jl. Trans Sulawesi No. 1 Ungkaya,Kec. Witaponda,Kab. Morowali,Prov. Sulawesi Tengah,SMP,NEGERI,-2.212,121.559
60727174,MIS DARUN NAJAH,JL.PAHLAWAN,Kec. Witaponda,Kab. Morowali,Prov. Sulawesi Tengah,MI,SWASTA,-2.230267,121.580127
40204981,TK NEGERI 6 WITA PONDA,BUMI HARAPAN,Kec. Witaponda,Kab. Morowali,Prov. Sulawesi Tengah,TK,NEGERI,-2.2303,121.6041
69880894,KB KARTINI,DESA BUMI HARAPAN,Kec. Witaponda,Kab. Morowali,Prov. Sulawesi Tengah,KB,SWASTA,-2.2303,121.6041
40202618,SD NEGERI UNGKAYA,Desa Ungkaya,Kec. Witaponda,Kab. Morowali,Prov. Sulawesi Tengah,SD,NEGERI,-2.2119,121.5803
40202716,SD NEGERI BUMI HARAPAN,Desa Bumi Harapan,Kec. Witaponda,Kab. Morowali,Prov. Sulawesi Tengah,SD,NEGERI,-2.2293,121.6051
69880841,TK AL-HIKMA,DESA LAANTULA JAYA,Kec. Witaponda,Kab. Morowali,Prov. Sulawesi Tengah,TK,SWASTA,-2.23455,121.623802
69920267,TK. INDRA DHANU,DESA LANTULA JAYA,Kec. Witaponda,Kab. Morowali,Prov. Sulawesi Tengah,TK,SWASTA,-2.2258,121.6229
40202800,SD NEGERI EMEA,Desa Emea,Kec. Witaponda,Kab. Morowali,Prov. Sulawesi Tengah,SD,NEGERI,-2.2134,121.5992
40202687,SD NEGERI 2 LAANTULA JAYA,Desa Laantula Jaya,Kec. Witaponda,Kab. Morowali,Prov. Sulawesi Tengah,SD,NEGERI,-2.2247,121.627
40202667,SD NEGERI 1 LAANTULA JAYA,Jln. Melati No: 036 Laantula Jaya,Kec. Witaponda,Kab. Morowali,Prov. Sulawesi Tengah,SD,NEGERI,-2.2176,121.623
40205019,TK NEGERI 2 WITA PONDA,LAANTULA JAYA,Kec. Witaponda,Kab. Morowali,Prov. Sulawesi Tengah,TK,NEGERI,-2.2098873,121.6008811
40202603,SMP NEGERI 1 WITAPONDA,Jl. Trans Sulawesi No. 06,Kec. Witaponda,Kab. Morowali,Prov. Sulawesi Tengah,SMP,NEGERI,-2.2173,121.6245
40202493,SD NEGERI SAMPEANTABA,Desa Sampeantaba,Kec. Witaponda,Kab. Morowali,Prov. Sulawesi Tengah,SD,NEGERI,-2.2161,121.6384
40202639,SMAN 1 WITAPONDA,JL. PONGTIKU NO. 20,Kec. Witaponda,Kab. Morowali,Prov. Sulawesi Tengah,SMA,NEGERI,-2.2158,121.6377
69971208,Nurul Ummah,Jl. Dakwah Blok D No.19 Lambelu,Kec. Bumi Raya,Kab. Morowali,Prov. Sulawesi Tengah,Pondok Pesantren,SWASTA,-2.2342,121.6876
40202729,SD ALKHAERAAT PEBATAE,Pebatae,Kec. Bumi Raya,Kab. Morowali,Prov. Sulawesi Tengah,SD,SWASTA,-2.2212,121.6777
69922455,TK NEGERI 4 BUMI RAYA,DESA SAMARENDA,Kec. Bumi Raya,Kab. Morowali,Prov. Sulawesi Tengah,TK,NEGERI,-2.2233,121.6813
40202774,SD NEGERI LAMBELU,JALAN KIHAJAR DEWANTARA NO.03 DESA LAMBELU,Kec. Bumi Raya,Kab. Morowali,Prov. Sulawesi Tengah,SD,NEGERI,-2.234,121.6935
40202792,SD NEGERI ATANANGA,Desa Atananga,Kec. Bumi Raya,Kab. Morowali,Prov. Sulawesi Tengah,SD,NEGERI,-2.2082,121.6666
40204545,SD NEGERI UMBELE,Umbele,Kec. Bumi Raya,Kab. Morowali,Prov. Sulawesi Tengah,SD,NEGERI,-2.2063,121.6662
40202490,SD NEGERI SAMARENDA,Jln. Trans Sulawesi,Kec. Bumi Raya,Kab. Morowali,Prov. Sulawesi Tengah,SD,NEGERI,-2.2179,121.7125
40204573,SD NEGERI 2 BAHONSUAI,Jln. Trans Sulawesi,Kec. Bumi Raya,Kab. Morowali,Prov. Sulawesi Tengah,SD,NEGERI,-2.2179,121.726
40202779,SD NEGERI 1 BAHONSUAI,Jln. Trans Sulawesi,Kec. Bumi Raya,Kab. Morowali,Prov. Sulawesi Tengah,SD,NEGERI,-2.2222,121.7381
69922444,TK Negeri 1 Bumi Raya,DESA BAHONSUAI,Kec. Bumi Raya,Kab. Morowali,Prov. Sulawesi Tengah,TK,NEGERI,-2.2171,121.7259
40202581,SMP NEGERI 1 BUMI RAYA,Jln. Trans Sulawesi Bahonsuai Km 01,Kec. Bumi Raya,Kab. Morowali,Prov. Sulawesi Tengah,SMP,NEGERI,-2.2149,121.723
40202641,SMAN 1 BUMI RAYA,JL. Tunas Bangsa No. 9 Desa Bahonsuai Kec. Bumi Raya,Kec. Bumi Raya,Kab. Morowali,Prov. Sulawesi Tengah,SMA,NEGERI,-2.214,121.7255
69922429,KB. AL HIKMAH,DESA PARILANGKE,Kec. Bumi Raya,Kab. Morowali,Prov. Sulawesi Tengah,KB,SWASTA,-2.2096,121.7364
40205006,TK POSINTUWU WAWOPADA,WAWOPADA,Kec. Lembo,Kab. Morowali Utara,Prov. Sulawesi Tengah,TK,SWASTA,-2.189822,121.148431
69950471,PAUD KB POSINTUWU,Desa Wawopada,Kec. Lembo,Kab. Morowali Utara,Prov. Sulawesi Tengah,KB,SWASTA,-2.189822,121.148431
P9962787,PKBM MOMPEHOHAWA,Jalan Tadulako  No. 546,Kec. Lembo,Kab. Morowali Utara,Prov. Sulawesi Tengah,PKBM,SWASTA,-2.1810763,121.1421435
40202761,SD NEGERI LEMBOBARU,Desa Lembobaru,Kec. Lembo,Kab. Morowali Utara,Prov. Sulawesi Tengah,SD,NEGERI,-2.1775,121.2454
40202732,SD GKST RONTA,Desa Ronta,Kec. Lembo Raya,Kab. Morowali Utara,Prov. Sulawesi Tengah,SD,SWASTA,-2.1963,121.3213
40202501,SD NEGERI PONTANGOA,Desa Pontangoa,Kec. Lembo Raya,Kab. Morowali Utara,Prov. Sulawesi Tengah,SD,NEGERI,-2.192,121.316
40202606,SMP NEGERI 1 LEMBO RAYA,Desa Ronta,Kec. Lembo Raya,Kab. Morowali Utara,Prov. Sulawesi Tengah,SMP,NEGERI,-2.1927,121.3246
40202810,SD NEGERI BINTANGOR MUKTI,Desa Bintangor Mukti,Kec. Lembo Raya,Kab. Morowali Utara,Prov. Sulawesi Tengah,SD,NEGERI,-2.1947,121.336
69775316,SMKN 1 WITA PONDA,Kecamatan Wita Ponda,Kec. Witaponda,Kab. Morowali,Prov. Sulawesi Tengah,SMK,NEGERI,-2.1975,121.5415
40202813,SD NEGERI BUKIT HARAPAN,Jl Pendidikan,Kec. Witaponda,Kab. Morowali,Prov. Sulawesi Tengah,SD,NEGERI,-2.1983,121.5425
40203927,SD ALKHAIRAAT SOLONSA,Desa Solonsa,Kec. Witaponda,Kab. Morowali,Prov. Sulawesi Tengah,SD,SWASTA,-2.1905,121.5386
40202496,SD NEGERI SOLONSA,Desa Solonsa,Kec. Witaponda,Kab. Morowali,Prov. Sulawesi Tengah,SD,NEGERI,-2.1794,121.5288
40202625,SD NEGERI TONDO,Desa Tondo,Kec. Bungku Barat,Kab. Morowali,Prov. Sulawesi Tengah,SD,NEGERI,-2.2024,121.5764
40202533,SD NEGERI MOAHINO,Desa Moahino,Kec. Witaponda,Kab. Morowali,Prov. Sulawesi Tengah,SD,NEGERI,-2.1847,121.6003
40202557,SD NEGERI PEBOTOA,Pebotoa,Kec. Bumi Raya,Kab. Morowali,Prov. Sulawesi Tengah,SD,NEGERI,-2.1902,121.7016
40204935,TK BAHTERA KASIH WARAA,WARAA,Kec. Lembo,Kab. Morowali Utara,Prov. Sulawesi Tengah,TK,SWASTA,-2.1727,121.1013
40202532,SD NEGERI WINANGABINO,Desa winangabino,Kec. Mamosalato,Kab. Morowali Utara,Prov. Sulawesi Tengah,SD,NEGERI,-2.1507,121.1625
40202551,SD NEGERI PANDAUKE,Desa Pandauke,Kec. Mamosalato,Kab. Morowali Utara,Prov. Sulawesi Tengah,SD,NEGERI,-2.148,121.1881
40202643,SD NEGERI WAWOPADA,Desa Wawopada,Kec. Lembo,Kab. Morowali Utara,Prov. Sulawesi Tengah,SD,NEGERI,-2.1587,121.2147
40202631,SD NEGERI WARAA,Waraa,Kec. Lembo,Kab. Morowali Utara,Prov. Sulawesi Tengah,SD,NEGERI,-2.1542,121.2227
69948031,SMP NEGERI 4 LEMBO,Jl. Kenanga Desa Korobonde,Kec. Lembo,Kab. Morowali Utara,Prov. Sulawesi Tengah,SMP,NEGERI,-2.1706,121.2515
40202739,SD NEGERI KOROBONDE,Korobonde,Kec. Lembo,Kab. Morowali Utara,Prov. Sulawesi Tengah,SD,NEGERI,-2.1693,121.2507
40206670,SMPN 2 Lembo,Desa Tingkea`o,Kec. Lembo,Kab. Morowali Utara,Prov. Sulawesi Tengah,SMP,NEGERI,-2.1493,121.2364
40202511,SD NEGERI TINGKEAO,Desa Tingkeao,Kec. Lembo,Kab. Morowali Utara,Prov. Sulawesi Tengah,SD,NEGERI,-2.1455,121.2401
40202731,SD GKST BETELEME,Beteleme,Kec. Lembo,Kab. Morowali Utara,Prov. Sulawesi Tengah,SD,SWASTA,-2.1553,121.2741
69920753,PAUD MAJESTY,JL. Trans Sulawesi Beteleme,Kec. Lembo,Kab. Morowali Utara,Prov. Sulawesi Tengah,TK,SWASTA,-2.1509,121.2653
40202586,SMP GKST BETELEME,Jln. Siswa No. 301,Kec. Lembo,Kab. Morowali Utara,Prov. Sulawesi Tengah,SMP,SWASTA,-2.15,121.2801
40202673,SD NEGERI 2 BETELEME,Jln. Metutu No.272 Beteleme,Kec. Lembo,Kab. Morowali Utara,Prov. Sulawesi Tengah,SD,NEGERI,-2.1482,121.2766
70026890,TK ISLAM TERPADU RUTABA IBNUL QOYYIM,KEUREA,Kec. Bahodopi,Kab. Morowali,Prov. Sulawesi Tengah,TK,SWASTA,-2.1666,121.3833
60728742,MIS AL-IKHLAS MOLORES,DESA MOLORES,Kec. Petasia Timur,Kab. Morowali Utara,Prov. Sulawesi Tengah,MI,SWASTA,-2.162,121.4972
40202537,SD NEGERI MOLORES,"Jl. Trans Sulawesi, Desa Molores",Kec. Petasia Timur,Kab. Morowali Utara,Prov. Sulawesi Tengah,SD,NEGERI,-2.1608,121.4968
40209863,MAS AL-IHKLAS MOLORES,JALAN TRANS SULAWESI,Kec. Petasia Timur,Kab. Morowali Utara,Prov. Sulawesi Tengah,MA,SWASTA,-2.1607,121.4986
40210211,MTSS AL-IKHLAS,JALAN TRANS SULAWESI,Kec. Petasia Timur,Kab. Morowali Utara,Prov. Sulawesi Tengah,MTs,SWASTA,-2.1605,121.499
40202752,SD NEGERI KEUNO,Desa Keuno,Kec. Petasia Timur,Kab. Morowali Utara,Prov. Sulawesi Tengah,SD,NEGERI,-2.168,121.5113
40202595,SMP NEGERI 1 PETASIA TIMUR,Desa Mohoni,Kec. Petasia Timur,Kab. Morowali Utara,Prov. Sulawesi Tengah,SMP,NEGERI,-2.1541,121.4933
40202536,SD NEGERI MOLEONO,Desa Moleono,Kec. Petasia Barat,Kab. Morowali Utara,Prov. Sulawesi Tengah,SD,NEGERI,-2.1482,121.4959
40204986,TK MARANATHA TINGKEAO,TINGKEAO,Kec. Lembo,Kab. Morowali Utara,Prov. Sulawesi Tengah,TK,SWASTA,-2.123247,121.231158
69905960,PAUD KB SAYANG IBU,JL. Trans Sulawesi Desa Tingkeao,Kec. Lembo,Kab. Morowali Utara,Prov. Sulawesi Tengah,KB,SWASTA,-2.123247,121.231158
40202617,SD NEGERI UNDORO,Desa MORA,Kec. Lembo,Kab. Morowali Utara,Prov. Sulawesi Tengah,SD,NEGERI,-2.1419,121.2515
40202808,SD NEGERI DASAR,Desa Lijo,Kec. Mamosalato,Kab. Morowali Utara,Prov. Sulawesi Tengah,SD,NEGERI,-2.1413,121.2647
40202607,SMP NEGERI 2 MAMOSALATO,Desa Lijo,Kec. Mamosalato,Kab. Morowali Utara,Prov. Sulawesi Tengah,SMP,NEGERI,-2.1292,121.2513
40202694,SD NEGERI 1 BETELEME,JLN. TADULAKO. NO.552,Kec. Lembo,Kab. Morowali Utara,Prov. Sulawesi Tengah,SD,NEGERI,-2.1448,121.2814
40204662,SMKS LEMBO RAYA,JL. BETIKUM,Kec. Lembo,Kab. Morowali Utara,Prov. Sulawesi Tengah,SMK,SWASTA,-2.145,121.2838
40202612,SMKS RAHMANI BETELEME,JL. BETIKUM,Kec. Lembo,Kab. Morowali Utara,Prov. Sulawesi Tengah,SMK,SWASTA,-2.1431,121.2869
40202635,SMAN 1 LEMBO,JL. PROTOKOL NO. 2,Kec. Lembo,Kab. Morowali Utara,Prov. Sulawesi Tengah,SMA,NEGERI,-2.137,121.2845
40202577,SMP NEGERI 1 LEMBO,Beteleme,Kec. Lembo,Kab. Morowali Utara,Prov. Sulawesi Tengah,SMP,NEGERI,-2.137,121.2845
40202513,SD NEGERI TINOMPO,Desa Tinompo,Kec. Lembo,Kab. Morowali Utara,Prov. Sulawesi Tengah,SD,NEGERI,-2.1271,121.2917
40202747,SD NEGERI JAMOR JAYA,JLN. ST. Jhosep desa jamor jaya,Kec. Lembo Raya,Kab. Morowali Utara,Prov. Sulawesi Tengah,SD,NEGERI,-2.1196075,121.276539
40202755,SD NEGERI KUMPI,Desa Kumpi,Kec. Lembo,Kab. Morowali Utara,Prov. Sulawesi Tengah,SD,NEGERI,-2.1282,121.2996
69899570,SMP Negeri 3 Lembo,"Desa Lemboroma, Kec. Lembo, Kab. Morowali Utara",Kec. Lembo,Kab. Morowali Utara,Prov. Sulawesi Tengah,SMP,NEGERI,-2.1228,121.3226
40205004,TK PGRI SIROSO KOROWOU,KOROWOU,Kec. Lembo,Kab. Morowali Utara,Prov. Sulawesi Tengah,TK,SWASTA,-2.12348,121.355667
40205592,SLB NEGERI MOLINO,"Jln. Trans Sulawesi No. 12 Molino, Kec. Petasia Timur",Kec. Petasia,Kab. Morowali Utara,Prov. Sulawesi Tengah,SLB,NEGERI,-2.118,121.4654
60728776,MTS RAUDHATUL FITRAH,DESA GANDA-GANDA,Kec. Petasia,Kab. Morowali Utara,Prov. Sulawesi Tengah,MTs,SWASTA,-2.144839,121.496395
40202760,SD INPRES LEMBAH SUMARA,Desa Lembah Sumara,Kec. Soyo Jaya,Kab. Morowali Utara,Prov. Sulawesi Tengah,SD,NEGERI,-2.1171,121.4743
40202742,SD NEGERI KOROWALELO,Desa Korowalelo,Kec. Lembo,Kab. Morowali Utara,Prov. Sulawesi Tengah,SD,NEGERI,-2.1065,121.287
69923841,KB CERIA,JL. Trans Sulawesi Desa Molino,Kec. Petasia Timur,Kab. Morowali Utara,Prov. Sulawesi Tengah,KB,SWASTA,-2.1172,121.4654
40202619,SD NEGERI MOLINO,Desa Molino,Kec. Petasia Timur,Kab. Morowali Utara,Prov. Sulawesi Tengah,SD,NEGERI,-2.1168,121.4663
40202629,SD NEGERI UE BANGKE,Dusun III Ue Bangke,Kec. Soyo Jaya,Kab. Morowali Utara,Prov. Sulawesi Tengah,SD,NEGERI,-2.0909,121.4743
69856889,SMP Negeri 4 Petasia Timur Satu Atap,Desa Ungkea Kecamatan Petasia Timur Kabupaten Morowali Utara,Kec. Petasia Timur,Kab. Morowali Utara,Prov. Sulawesi Tengah,SMP,NEGERI,-2.1119,121.5422
69900175,SD Tunas Lestari Korola,Jl. Trans Pendolo,Kec. Mori Atas,Kab. Morowali Utara,Prov. Sulawesi Tengah,SD,SWASTA,-2.068591,121.012189
40202806,SD NEGERI GILILANA,Desa Gililana,Kec. Petasia,Kab. Morowali Utara,Prov. Sulawesi Tengah,SD,NEGERI,-2.061,121.0336
40204963,TK GKST MEKAR ELIM KOLAKA,KOLAKA,Kec. Mori Atas,Kab. Morowali Utara,Prov. Sulawesi Tengah,TK,SWASTA,-2.0668,121.1058
40202564,SD NEGERI ONE PUTE,Jl. Kampung Baru,Kec. Petasia Barat,Kab. Morowali Utara,Prov. Sulawesi Tengah,SD,NEGERI,-2.0586,121.3019
40202721,SD KRISTEN GKST SAMPALOWO,Desa Sampalowo,Kec. Petasia Barat,Kab. Morowali Utara,Prov. Sulawesi Tengah,SD,SWASTA,-2.0585,121.2954
40202623,SD NEGERI TOMPIRA,Jalan Trans Sulawesi Desa Tompira,Kec. Petasia Timur,Kab. Morowali Utara,Prov. Sulawesi Tengah,SD,NEGERI,-2.0782,121.3869
40204543,SMP NEGERI 2 PETASIA TIMUR SATU ATAP,Jl. Trans Sulawesi Tompira,Kec. Petasia Timur,Kab. Morowali Utara,Prov. Sulawesi Tengah,SMP,NEGERI,-2.0782,121.3869
60728745,MIS AL-KHAERAAT TOMPIRA,DESA TOMPIRA,Kec. Petasia Timur,Kab. Morowali Utara,Prov. Sulawesi Tengah,MI,SWASTA,-2.0739,121.3894
69980344,SMK NEGERI 1 PETASIA TIMUR,JL. TRANS SULAWESI,Kec. Petasia Timur,Kab. Morowali Utara,Prov. Sulawesi Tengah,SMK,NEGERI,-2.070196,121.38775
40202727,SD ALKHAERAAT BUNGINTIMBE,Bungintimbe,Kec. Petasia Timur,Kab. Morowali Utara,Prov. Sulawesi Tengah,SD,SWASTA,-2.075,121.4454
40202585,SMP ALKHAIRAAT BUNGINTIMBE,Desa Bungintimbe,Kec. Petasia Timur,Kab. Morowali Utara,Prov. Sulawesi Tengah,SMP,SWASTA,-2.075,121.4454
40202645,SMAS AL-KHAIRAAT BUNGINTIMBE,JL. TRANS SULAWESI BUNGINTIMBE,Kec. Petasia Timur,Kab. Morowali Utara,Prov. Sulawesi Tengah,SMA,SWASTA,-2.077053,121.448896
40202816,SD NEGERI BUNGINTIMBE,Desa Bungintimbe,Kec. Petasia Timur,Kab. Morowali Utara,Prov. Sulawesi Tengah,SD,NEGERI,-2.0795,121.4517
69930744,TK ALKHAIRAT TOWARA,Towara,Kec. Petasia Timur,Kab. Morowali Utara,Prov. Sulawesi Tengah,TK,SWASTA,-2.0842,121.4557
69856881,SD Negeri Towara,Desa Towara Kec. Petasia Timur,Kec. Petasia Timur,Kab. Morowali Utara,Prov. Sulawesi Tengah,SD,NEGERI,-2.081274,121.474343
69858817,SD NEGERI BENCUE,Desa Peleru Dusun Bencue,Kec. Mori Utara,Kab. Morowali Utara,Prov. Sulawesi Tengah,SD,NEGERI,-2.070786,121.499559
40202744,SD INPRES KOYA,Desa Koya,Kec. Petasia,Kab. Morowali Utara,Prov. Sulawesi Tengah,SD,NEGERI,-2.0284,120.9989
40204574,SD NEGERI 2 KOLAKA,Desa Kolaka,Kec. Mori Atas,Kab. Morowali Utara,Prov. Sulawesi Tengah,SD,NEGERI,-2.0441,121.0991
69862424,SD Negeri Towi,"Desa Tamainusi, Kecamatan Soyo Jaya",Kec. Soyo Jaya,Kab. Morowali Utara,Prov. Sulawesi Tengah,SD,NEGERI,-2.029687,121.210975
69856880,SD Negeri Tadaku,Desa Tadaku Kecamatan Petasia Barat Kabupaten Morowali Utara,Kec. Petasia Barat,Kab. Morowali Utara,Prov. Sulawesi Tengah,SD,NEGERI,-2.0369,121.2892
P2965296,PKBM RANO RAYA,Desa Bunta,Kec. Petasia Timur,Kab. Morowali Utara,Prov. Sulawesi Tengah,PKBM,SWASTA,-2.0485,121.3054
P9947941,PKBM ASA AROA,Desa Togo Mulya,Kec. Petasia Barat,Kab. Morowali Utara,Prov. Sulawesi Tengah,PKBM,SWASTA,-2.0485,121.3054
40202549,SD NEGERI MONDOWE,Desa Mondowe,Kec. Petasia Barat,Kab. Morowali Utara,Prov. Sulawesi Tengah,SD,NEGERI,-2.0403,121.3025
40202741,SD NEGERI KOROMATANTU,Desa Koromatantu,Kec. Petasia,Kab. Morowali Utara,Prov. Sulawesi Tengah,SD,NEGERI,-2.0444,121.3237
40204922,TK ALKHAIRAAT KOROMATANTU,KOROMATANTU,Kec. Petasia,Kab. Morowali Utara,Prov. Sulawesi Tengah,TK,SWASTA,-2.0406,121.3268
40202817,SD NEGERI 1 BUNTA,Bunta,Kec. Petasia Timur,Kab. Morowali Utara,Prov. Sulawesi Tengah,SD,NEGERI,-2.0459,121.3654
40204576,SD NEGERI 2 BUNTA,Bunta,Kec. Petasia Timur,Kab. Morowali Utara,Prov. Sulawesi Tengah,SD,NEGERI,-2.0405,121.3705
69856888,SMP Negeri 3 Petasia Timur,Jl. Trans Bunta Desa Bunta Kecamatan Petasia Timur Kabupaten Morowali Utara,Kec. Petasia Timur,Kab. Morowali Utara,Prov. Sulawesi Tengah,SMP,NEGERI,-2.038233,121.387228
40202550,SD NEGERI PANCA MAKMUR,Desa Panca Makmur,Kec. Soyo Jaya,Kab. Morowali Utara,Prov. Sulawesi Tengah,SD,NEGERI,-2.0405,121.3916
40203928,SD NEGERI BAU,Desa Bau,Kec. Soyo Jaya,Kab. Morowali Utara,Prov. Sulawesi Tengah,SD,NEGERI,-2.037,121.4321
40202570,SD NEGERI LONDI,Jln Kartini No.08,Kec. Mori Atas,Kab. Morowali Utara,Prov. Sulawesi Tengah,SD,NEGERI,-2.0044,121.0098
40204961,TK GKST KALVARI TAENDE,TAENDE,Kec. Mori Atas,Kab. Morowali Utara,Prov. Sulawesi Tengah,TK,SWASTA,-2.0146,121.0396
40202509,SD NEGERI TAENDE,Desa Taende,Kec. Mori Atas,Kab. Morowali Utara,Prov. Sulawesi Tengah,SD,NEGERI,-2.0165,121.0472
40202801,SD NEGERI ENSA,"Jln Trans. Sulawesi, Ensa",Kec. Mori Atas,Kab. Morowali Utara,Prov. Sulawesi Tengah,SD,NEGERI,-2.0136,121.0721
40202587,SMP KRISTEN GKST ENSA,Desa Ensa,Kec. Mori Atas,Kab. Morowali Utara,Prov. Sulawesi Tengah,SMP,SWASTA,-2.0136,121.0736
40202717,SD GKST ENSA,Ensa,Kec. Mori Atas,Kab. Morowali Utara,Prov. Sulawesi Tengah,SD,SWASTA,-2.0127,121.0727
69787782,SD NEGERI KOROMONTO,Jalan Dusun Koromonto,Kec. Mori Atas,Kab. Morowali Utara,Prov. Sulawesi Tengah,SD,NEGERI,-2.0198,121.091
40202558,SD Negeri Peonea,Desa Peonea,Kec. Mori Atas,Kab. Morowali Utara,Prov. Sulawesi Tengah,SD,NEGERI,-2.0136,121.1126
40204957,TK GKST EBEN HAEZER GONTARA,GONTARA,Kec. Mori Atas,Kab. Morowali Utara,Prov. Sulawesi Tengah,TK,SWASTA,-2.0116,121.1149
70003616,SMKN 1 Petasia Barat,Jl. Budi Utomo,Kec. Petasia Barat,Kab. Morowali Utara,Prov. Sulawesi Tengah,SMK,NEGERI,-2.0148407,121.1881734
40202593,SMP NEGERI 1 PETASIA BARAT,Jln. Trans Maralee-Tiu,Kec. Petasia Barat,Kab. Morowali Utara,Prov. Sulawesi Tengah,SMP,NEGERI,-2.0249,121.2992
40202588,SMP KRISTEN GKST TIU,Jl. Jend. Sudirman No. 9 Maralee,Kec. Petasia Barat,Kab. Morowali Utara,Prov. Sulawesi Tengah,SMP,SWASTA,-2.0187,121.2973
40202722,SD GKST TIU,Desa Tiu,Kec. Petasia Barat,Kab. Morowali Utara,Prov. Sulawesi Tengah,SD,SWASTA,-2.0157,121.2948
40202516,SD INPRES TIU,Tiu,Kec. Petasia Barat,Kab. Morowali Utara,Prov. Sulawesi Tengah,SD,NEGERI,-2.0147,121.2961
40202640,SMAN 2 PETASIA,JL.WULANDERI NO.100,Kec. Petasia,Kab. Morowali Utara,Prov. Sulawesi Tengah,SMA,NEGERI,-2.021,121.3362
40204921,TK ALKHAIRAAT KOLONODALE,KOLONODALE,Kec. Petasia,Kab. Morowali Utara,Prov. Sulawesi Tengah,TK,SWASTA,-2.023218,121.341733
40202740,SD NEGERI KOROLOLAMA,Korololama,Kec. Petasia,Kab. Morowali Utara,Prov. Sulawesi Tengah,SD,NEGERI,-2.0162,121.3396
P2966441,PKBM   FEYZAH SALSABILAH,KELURAHAN KOLONODALE,Kec. Petasia,Kab. Morowali Utara,Prov. Sulawesi Tengah,PKBM,SWASTA,-2.0062,121.3496
P9954082,PKBM FYAT SEZQIN,Jalan Poros Ganda-ganda,Kec. Petasia,Kab. Morowali Utara,Prov. Sulawesi Tengah,PKBM,SWASTA,-2.0062,121.3496
40202683,SD NEGERI 3 KOLONODALE,Jl. Kh. Dewantara No.!4 ,Kec. Petasia,Kab. Morowali Utara,Prov. Sulawesi Tengah,SD,NEGERI,-2.0013,121.3396
40202584,SMKN 1 MORI ATAS,JL. TARIKMATA NO. 7,Kec. Mori Atas,Kab. Morowali Utara,Prov. Sulawesi Tengah,SMK,NEGERI,-1.9955,120.9819
40202580,SMP NEGERI 1 MORI ATAS,Jln. Tarikmata No.7,Kec. Mori Atas,Kab. Morowali Utara,Prov. Sulawesi Tengah,SMP,NEGERI,-1.995,120.981
40204937,TK BUKIT ZAITUN TOMATA,TOMATA,Kec. Mori Atas,Kab. Morowali Utara,Prov. Sulawesi Tengah,TK,SWASTA,-2.0009,120.9765
40202657,SD NEGERI 1 TOMATA,Desa Tomata Rt 10 Rw 02,Kec. Mori Atas,Kab. Morowali Utara,Prov. Sulawesi Tengah,SD,NEGERI,-1.9961,120.9782
40202679,SD NEGERI 2 TOMATA,Desa Tomata,Kec. Mori Atas,Kab. Morowali Utara,Prov. Sulawesi Tengah,SD,NEGERI,-1.9995,120.975
40202637,SMAN 1 MORI ATAS,JL. TARIK MATA NO.  369,Kec. Mori Atas,Kab. Morowali Utara,Prov. Sulawesi Tengah,SMA,NEGERI,-1.9887,120.982
40202654,SD NEGERI 1 TALIWAN,Desa Wawondula,Kec. Mori Utara,Kab. Morowali Utara,Prov. Sulawesi Tengah,SD,NEGERI,-1.9707,120.9848
40202675,SD NEGERI 2 TALIWAN,Desa Tabarano,Kec. Mori Utara,Kab. Morowali Utara,Prov. Sulawesi Tengah,SD,NEGERI,-1.9694,120.9813
40202590,SMP NEGERI 4 MORI UTARA,Jl. Tadulako -Trans Sulawesi ,Kec. Mori Utara,Kab. Morowali Utara,Prov. Sulawesi Tengah,SMP,NEGERI,-1.9704,120.9791
40202766,SD NEGERI LANUMOR SMP NEGERI SATAP MORI ATAS,Desa Lanumor,Kec. Mori Atas,Kab. Morowali Utara,Prov. Sulawesi Tengah,SD,NEGERI,-1.9713,121.0813
40202626,SD NEGERI TONTOWEA,Desa Tontowea,Kec. Petasia Barat,Kab. Morowali Utara,Prov. Sulawesi Tengah,SD,NEGERI,-1.988,121.2928
40209862,MAS AL-KHAIRAAT PETASIA,JLN. SULTAN HASANUDDIN NO. 83,Kec. Petasia Barat,Kab. Morowali Utara,Prov. Sulawesi Tengah,MA,SWASTA,-1.9938,121.3392
P9984643,PKBM BINA POTENSI,Jalan Jenderal Sudirman No. 08,Kec. Petasia,Kab. Morowali Utara,Prov. Sulawesi Tengah,PKBM,SWASTA,-1.989961,121.33776
40202665,SD NEGERI 1 KOLONODALE,"Jl. St. Hasanuddin, No.86A",Kec. Petasia,Kab. Morowali Utara,Prov. Sulawesi Tengah,SD,NEGERI,-1.9949,121.3402
40202728,SD ALKHAIRAAT KOLONODALE,Jln. Ahmad Yani,Kec. Petasia,Kab. Morowali Utara,Prov. Sulawesi Tengah,SD,SWASTA,-1.9884,121.3391
40202686,SD NEGERI 2 KOLONODALE,Jl. Yos Sudarso No. 35,Kec. Petasia,Kab. Morowali Utara,Prov. Sulawesi Tengah,SD,NEGERI,-1.9865,121.3393
40202719,SD GKST KOLONODALE,Jln. Jendral Sudirman No. 05,Kec. Petasia,Kab. Morowali Utara,Prov. Sulawesi Tengah,SD,SWASTA,-1.9853,121.3377
40202591,SMP NEGERI 1 PETASIA,Jl. Jend. Sudirman No. 28,Kec. Petasia,Kab. Morowali Utara,Prov. Sulawesi Tengah,SMP,NEGERI,-1.984,121.3383
40202638,SMAN 1 PETASIA,JL. PATIMURA NO. 8 KOLONODALE,Kec. Petasia,Kab. Morowali Utara,Prov. Sulawesi Tengah,SMA,NEGERI,-1.9835,121.3373
40202788,SD INPRES 5 KOLONODALE,Jl. Bumi Nangka Kolonodale,Kec. Petasia,Kab. Morowali Utara,Prov. Sulawesi Tengah,SD,NEGERI,-1.9799,121.338
40202610,SMP NEGERI 2 PETASIA,Jl. Dr. Saharjo.sh 03,Kec. Petasia,Kab. Morowali Utara,Prov. Sulawesi Tengah,SMP,NEGERI,-1.9732,121.3382
40202611,SMKN 1 PETASIA,"JL. DR. SUHARDJO, SH  NO. 03 B",Kec. Petasia,Kab. Morowali Utara,Prov. Sulawesi Tengah,SMK,NEGERI,-1.9728,121.3366
40210210,MTSN 1 MOROWALI UTARA,"JALAN KUDA LAUT,KELURAHAN BAHOUE",Kec. Petasia,Kab. Morowali Utara,Prov. Sulawesi Tengah,MTs,NEGERI,-1.97,121.3393
69983132,MTSS AL-KHAIRAAT DESA KOYA,SIS AL-JUFRI ,Kec. Petasia,Kab. Morowali Utara,Prov. Sulawesi Tengah,MTs,SWASTA,-1.9817,121.379
40204962,TK GKST LANUMOR,LANUMOR,Kec. Mori Atas,Kab. Morowali Utara,Prov. Sulawesi Tengah,TK,SWASTA,-1.962555,121.092107
69856882,SD Negeri Ululaa,Desa Ululaa Kecamatan Petasia Barat Kabupaten Morowali Utara,Kec. Petasia Barat,Kab. Morowali Utara,Prov. Sulawesi Tengah,SD,NEGERI,-1.9586,121.2242
69856879,SD Negeri 2 Moleono,Dusun Peilia,Kec. Petasia Barat,Kab. Morowali Utara,Prov. Sulawesi Tengah,SD,NEGERI,-1.9548,121.2278
40204575,SD NEGERI 1 ULU LAA,Kab. Morowali Utara,Kec. Petasia Barat,Kab. Morowali Utara,Prov. Sulawesi Tengah,SD,NEGERI,-1.962189,121.2459644
40204578,SD NEGERI LAMBOLO,Kab. Morowali Utara,Kec. Petasia,Kab. Morowali Utara,Prov. Sulawesi Tengah,SD,NEGERI,-1.9378,121.3152
40202804,SD INPRES GANDA-GANDA,Ganda-ganda,Kec. Petasia,Kab. Morowali Utara,Prov. Sulawesi Tengah,SD,NEGERI,-1.9525,121.3395
40202531,SD NEGERI MAYUMBA,Jl. Tamalaera,Kec. Mori Utara,Kab. Morowali Utara,Prov. Sulawesi Tengah,SD,NEGERI,-1.924,120.9748
69787060,SMP NEGERI 3 MORI UTARA SATU ATAP,DESA MAYUMBA,Kec. Mori Utara,Kab. Morowali Utara,Prov. Sulawesi Tengah,SMP,NEGERI,-1.9236,120.9743
69775313,SMAN 2 MORI ATAS,Jl. Tomata_Pape No.007,Kec. Mori Atas,Kab. Morowali Utara,Prov. Sulawesi Tengah,SMA,NEGERI,-1.9326,120.9669
40202692,SD NEGERI 2 PELERU,Peleru,Kec. Mori Utara,Kab. Morowali Utara,Prov. Sulawesi Tengah,SD,NEGERI,-1.9174,121.0524
40202672,SD NEGERI 1 PELERU,Desa Peleru,Kec. Mori Utara,Kab. Morowali Utara,Prov. Sulawesi Tengah,SD,NEGERI,-1.9101,121.0524
69844525,KB ANATAPURA SIBOWI,JL. POROS PALU-KULAWI DESA SIBOWI KM. 29,Kec. Tanambulava,Kab. Sigi,Prov. Sulawesi Tengah,KB,SWASTA,-1.933227,121.201172
40202592,SMP NEGERI 1 SOYO JAYA,Desa Malino,Kec. Soyo Jaya,Kab. Morowali Utara,Prov. Sulawesi Tengah,SMP,NEGERI,-1.9162,121.2662
40202651,SD NEGERI TOKONANAKA,Tokonanaka,Kec. Bungku Utara,Kab. Morowali Utara,Prov. Sulawesi Tengah,SD,NEGERI,-1.9323,121.483
40204544,SMP NEGERI 3 SATU ATAP BUNGKU UTARA,Desa Matube,Kec. Bungku Utara,Kab. Morowali Utara,Prov. Sulawesi Tengah,SMP,NEGERI,-1.9333,121.5491
40202530,SD NEGERI MATUBE,MATUBE,Kec. Bungku Utara,Kab. Morowali Utara,Prov. Sulawesi Tengah,SD,NEGERI,-1.9333,121.5494
40204523,SMP NEGERI 1 MORI UTARA,Desa Peleru,Kec. Mori Utara,Kab. Morowali Utara,Prov. Sulawesi Tengah,SMP,NEGERI,-1.8961,121.0515
P9948233,PKBM MUTIARA QWIN,Jalan Trans Sulawesi,Kec. Mori Utara,Kab. Morowali Utara,Prov. Sulawesi Tengah,PKBM,SWASTA,-1.9001,121.0624
40202802,SD NEGERI ERA,Desa Era,Kec. Mori Utara,Kab. Morowali Utara,Prov. Sulawesi Tengah,SD,NEGERI,-1.8946,121.1191
40202542,SD NEGERI MALINO,Desa Malino,Kec. Soyo Jaya,Kab. Morowali Utara,Prov. Sulawesi Tengah,SD,NEGERI,-1.9031,121.1876
69758469,SMPN 5 MORI ATAS SATU ATAP,LANUMOR,Kec. Mori Atas,Kab. Morowali Utara,Prov. Sulawesi Tengah,SMP,NEGERI,-1.8683,121.0091
40202553,SD NEGERI PARAWI,Desa Paawaru,Kec. Lembo,Kab. Morowali Utara,Prov. Sulawesi Tengah,SD,NEGERI,-1.8712,121.6564
40202763,SD NEGERI LEMBONTONARA,Desa Lembontonara,Kec. Mori Utara,Kab. Morowali Utara,Prov. Sulawesi Tengah,SD,NEGERI,-1.8404,121.0596
P2966445,PKBM WULANDERI,Jalan Trans Sulawesi,Kec. Petasia Timur,Kab. Morowali Utara,Prov. Sulawesi Tengah,PKBM,SWASTA,-1.8189,121.2281
40202534,SD NEGERI MOHONI,"Desa Mohoni, Kec. Petasia Timur",Kec. Petasia Timur,Kab. Morowali Utara,Prov. Sulawesi Tengah,SD,NEGERI,-1.7954,121.1701
40202571,SD NEGERI TOKALA ATAS,Desa Tokala Atas,Kec. Bungku Utara,Kab. Morowali Utara,Prov. Sulawesi Tengah,SD,NEGERI,-1.7899,121.7416
69931856,TK. PGRI AL-HIDAYAH TOKALA ATAS,Tokala Atas,Kec. Bungku Utara,Kab. Morowali Utara,Prov. Sulawesi Tengah,TK,SWASTA,-1.7895,121.7406
40202681,SD NEGERI 3 BATURUBE,Uewaju,Kec. Bungku Utara,Kab. Morowali Utara,Prov. Sulawesi Tengah,SD,NEGERI,-1.787,121.7887
40202520,SD NEGERI TAMAINUSI,Desa Tamainusi,Kec. Soyo Jaya,Kab. Morowali Utara,Prov. Sulawesi Tengah,SD,NEGERI,-1.7696,121.2971
40202527,SD INPRES TANDOYONDO,Desa Tondoyondo,Kec. Soyo Jaya,Kab. Morowali Utara,Prov. Sulawesi Tengah,SD,NEGERI,-1.756,121.2976
69772580,SMP Negeri 3 Petasia Barat Satu Atap,Kab. Morowali Utara,Kec. Petasia Barat,Kab. Morowali Utara,Prov. Sulawesi Tengah,SMP,NEGERI,-1.7721,121.3957
69889065,SD ANUGRAH,Dusun Uetuwu,Kec. Bungku Utara,Kab. Morowali Utara,Prov. Sulawesi Tengah,SD,SWASTA,-1.764051,121.670683
69858807,SD NEGERI POKEANG,Desa Pokeang Kecamatan Bungku Utara,Kec. Bungku Utara,Kab. Morowali Utara,Prov. Sulawesi Tengah,SD,NEGERI,-1.784738,121.695689
40202725,SD GKST TARONGGO,Jl. Ratobae No. 1,Kec. Bungku Utara,Kab. Morowali Utara,Prov. Sulawesi Tengah,SD,SWASTA,-1.7587,121.6767
40202502,SD NEGERI POSANGKE,Posangke,Kec. Bungku Utara,Kab. Morowali Utara,Prov. Sulawesi Tengah,SD,NEGERI,-1.7758,121.7142
60724754,SMPN 5 BUNGKU UTARA SATU ATAP,POSANGKE,Kec. Bungku Utara,Kab. Morowali Utara,Prov. Sulawesi Tengah,SMP,NEGERI,-1.775,121.7145
40202540,SD NEGERI LOSONG,Woomparigi ,Kec. Bungku Utara,Kab. Morowali Utara,Prov. Sulawesi Tengah,SD,NEGERI,-1.7657,121.7426
40204524,SMP NEGERI 2 BUNGKU UTARA,Jln Siswa No.1,Kec. Bungku Utara,Kab. Morowali Utara,Prov. Sulawesi Tengah,SMP,NEGERI,-1.7644,121.7437
40202522,SD NEGERI TAMBAROBONE,Tambarobone,Kec. Bungku Utara,Kab. Morowali Utara,Prov. Sulawesi Tengah,SD,NEGERI,-1.7572,121.7204
40202660,SD NEGERI 2 BATURUBE,Baturube,Kec. Bungku Utara,Kab. Morowali Utara,Prov. Sulawesi Tengah,SD,NEGERI,-1.7776,121.7931
40210209,MTSN 2 MOROWALI UTARA,BATURUBE,Kec. Bungku Utara,Kab. Morowali Utara,Prov. Sulawesi Tengah,MTs,NEGERI,-1.7725,121.7901
60723451,MIN MOROWALI UTARA,"JLN.,MANGGIS LRG. SISWA NO.02 BATURUBE",Kec. Bungku Utara,Kab. Morowali Utara,Prov. Sulawesi Tengah,MI,NEGERI,-1.7725,121.7929
40202576,SMP NEGERI 1 BUNGKU UTARA,Jln. Ketimun No. 05 Baturube,Kec. Bungku Utara,Kab. Morowali Utara,Prov. Sulawesi Tengah,SMP,NEGERI,-1.77,121.7931
40202695,SD NEGERI 1 BATURUBE,Jln. Durian No.07 Baturube,Kec. Bungku Utara,Kab. Morowali Utara,Prov. Sulawesi Tengah,SD,NEGERI,-1.7699,121.7963
40202515,SD NEGERI TIRONGAN BAWAH,Tirongan Bawah,Kec. Bungku Utara,Kab. Morowali Utara,Prov. Sulawesi Tengah,SD,NEGERI,-1.7658,121.7938
40202633,SMAN 1 BUNGKU UTARA,JL. NANGKA NO. 35,Kec. Bungku Utara,Kab. Morowali Utara,Prov. Sulawesi Tengah,SMA,NEGERI,-1.7653,121.7992
40202750,SD NEGERI KALOMBANG,Kalombang,Kec. Bungku Utara,Kab. Morowali Utara,Prov. Sulawesi Tengah,SD,NEGERI,-1.7577,121.7836
